id,headline,question,claim,paragraph,covered
1,Colorado dentist James Toliver Craig arrested for allegedly poisoning his wife Angela with arsenic and cyanide to facilitate an affair.,What is the evidence against the suspect?,The employee heard Angela had been readmitted to hospital on March 15 she told Craig's business partner about her shock discovery and he then told a nurse during a visit to check up on her.,"Aurora Police Department Division Chief Mark Hildebrand called the alleged poisoning ""a heinous, complex and calculated murder.""",no
2,Miami Beach imposes curfew after two fatal shootings during chaotic spring break festivities.,What is the current state of crime in Miami Beach?,"Miami Beach finds itself struggling with spring break violence, including two fatal shootings and unruly crowds, despite a massive police presence and activities designed to give people alternatives to drinking alcohol and roaming the streets.","On Friday night, one male victim was killed and another was seriously injured in a shooting that sent panicked crowds scrambling from restaurants and clubs into the streets. Police detained one person at the scene and found four firearms, but no other details have been made available.David Wallack, owner of Mango's Tropical Cafe, said nightclubs are being unfairly blamed for the shootings, and city officials need to work more closely with business owners to prevent violence in the future.""What w",yes
3,House Republicans Demand Testimony from Manhattan DA Alvin Bragg Amid Looming Indictment of Former President Trump for Hush Money Payment to Stormy Daniels.,How have the New York prosecutions against Trump affected his base,"The New York prosecutions against Trump have prompted some of his base, including House Republicans Bryan Steil, Jim Jordan and James Comer, to allege they are politically motivated and could erode confidence in the legal system.","EXCLUSIVE: The House Judiciary Committee is demanding that Manhattan District Attorney Alvin Bragg testify before Congress in the wake of his ""unprecedented abuse of prosecutorial authority,"" as he reportedly considers indicting former President Trump on charges related to alleged hush money payments made to adult film star Stormy Daniels in 2016.Committee Chairman Jim Jordan, R-Ohio, sent a letter, exclusively obtained by Fox News Digital, to Bragg Monday morning demanding his testimony. The le",yes
4,EU Proposes Extension of 15% Gas Demand Reduction Amid Recovery from Energy Crisis Post-Russia-Ukraine Conflict.,What are the implications of global gas markets remaining tight over the coming months for the European Union and the wider world?,"Despite the historically high levels of gas in storage across Europe, global natural gas markets are expected to remain tight in the months ahead, with a number of possible risks and challenges, including weather, global LNG demand, and macroeconomic conditions, according to the European Commission.","But this success did not come off cheap: the International Energy Agency (IEA) estimates the European Union spent last year nearly EUR400 billion in gas purchases - almost three times the 2021 bill.According to Bruegel, a Brussels-based think tank, the fiscal support rolled out by EU countries to cushion citizens and companies against the crisis is worth at least EUR657 billion.Germany, a heavily gas-dependent country, earmarked EUR265 billion alone.Although the energy crisis is frequently descr",yes
5,"Damning report by Baroness Louise Casey reveals the Metropolitan Police's ""institutional racism, misogyny, and homophobia,"" calling for urgent reforms or potential disbandment.","What factors have led to budget cuts within the police force, and how have they contributed to the current issues?","Deep-seated bias, poor management and budget cuts mean that crimes against women and girls are poorly investigated, ethnic minority communities are over-policed and trust in the police is plummeting among LGBTQ people, the report found.","And Casey's review found that one in five lesbian, gay and bisexual had experienced homophobia at work. One gay officer experienced sustained bullying and told Casey's team that he was scared of his own colleagues. This is not just concerning because of the impact it has on the Met's own officers; there are concerns such attitudes prejudice the police's investigations. Two years ago, Helen Ball, the then assistant commissioner of the Met, insisted that homophobia played no part in the failures o",no
6,"Paris Garbage Strike Protests Against Macron's Retirement Age Reform Lead to 9,300 Tonnes of Rubbish on Streets.",What are the long-term implications of the protests and the strikes?,Another round of strikes and protests organised by trade unions is expected to bring public transport to a standstill on Thursday.,"Two spontaneous protests last week at the huge Place de la Concorde, facing the National Assembly, degenerated when police started evacuating thousands with tear gas and water cannons. Some of those forced out began setting fires to garbage piles along their path through high-end Paris.That scenario was repeated Monday night when hundreds of young people demonstrated near the gold-domed Invalides monument, site of Napoleon's tomb. As night fell, small, mobile groups of troublemakers combed the c",no
7,OpenAI CEO Sam Altman expresses concerns about AI's risks while highlighting ChatGPT's transformative potential and the need for careful regulation amidst competition from global players like China and Russia.,How will education have to change due to AI and what effects might this have?,"""Education is going to have to change, but it's happened many other times with technology,"" said Altman, adding that students will be able to have a sort of teacher that goes beyond the classroom.","""Now that they're getting at writing computer code, [models] could be used for offensive cyberattacks,"" he said.ChatGPT's programming prowess has already made a mark on many developers. It already functions as a ""co-pilot"" for programmers, Altman said, and OpenAI is working toward unlocking a similar functionality for ""every profession.""The CEO acknowledged that it would mean many people would lose their jobs but said it would represent an opportunity to come up with a better kind of job.""We can",no
8,AI Advancements Surge with ChatGPT and GPT-4 from OpenAI Amidst Widespread Job Concerns and Tech Layoffs.,In what ways will AI improve our decision-making and information-gathering processes?,"AI can increase productivity by doing menial tasks such as formatting text, slide presentations, cleaning up grammar, and beautifying excel sheets.","She added skills like the ability and willingness to learn, critical and strategic thinking, and the ability to work within teams will become important when adapting to working with ChatGPT and other AI tools like it, Herrick saidAs Herrick explained, companies have three categories when assessing potential employees. For tech businesses, the biggest piece of the pie is the readiness to take on the job, which includes coding skills, followed by potential and fit. Those last two slices deal with ",no
9,Escalating Gang Violence in Haiti Triggers International Calls for Intervention and Urgent Support from U.S. and Canada.,What is the role of armed gangs in the current situation in Haiti?,"Haiti's security crisis is worsening, and hospitals have been forced to cease operations due to escalating violence and kidnappings, and with police abandoning their posts in the face of deadly gang attacks.","""There are lots of questions, and just like with a war, you know when you get in, but you do not know when you can go out,"" said Normandin, who has also served as ambassador and deputy permanent representative to the United Nations. ""So back to the key question, would Canada, even with the support of other countries, be able to achieve success? And even more important, would Canada and the others be able to achieve success that is sustainable? Again, the answers are far from obvious.""",no
10,"Boris Johnson faces parliamentary inquiry over misleading statements regarding Downing Street parties during COVID-19 lockdowns, risking suspension and a possible by-election.",What is Boris Johnson's defense?,"Johnson acknowledges that his insistence that the rules were followed at all times turned out to be untrue. But he says he never ""knowingly or recklessly"" misled Parliament.","Former British Prime Minister Boris Johnson has been giving testimony Wednesday, to a parliamentary enquiry into Downing Street parties during the pandemic.Boris Johnson, who resigned in July after a series of scandals including partygate, promised to tell ""the whole truth"", placing his hand on a Bible at the start of the four-hour hearing.Johnson denies deliberately lying, but if found to have done so, he could face suspension or even lose his seat in Parliament.He told the committee that event",yes
11,EU Ministers Approve €2 Billion Plan to Deliver One Million Artillery Shells to Ukraine Within 12 Months.,What are the potential risks involved in sending arms to Ukraine?,There are concerns regarding how much EU countries can share immediately without leaving themselves vulnerable due to the fact that they are unaware of the total amount of ammunition left in their own individual stocks.,"The pledge to provide Ukraine with 1 million rounds of shells over the next 12 months is also expected to be endorsed by EU leaders when they meet in Brussels at the end of the week, according to the people.Read More: Why the West Is Getting Nervous About Ammunition Shortages for UkraineUkraine has said it will need 1 million rounds of ammunition this year, and Estonia has estimated that would cost around EUR4 billion. The Baltic nation was the first member state to put the issue on the table a ",no
12,"Canada's population increased by a record 1.05 million in 2022, driven by immigration amid labor shortages under Prime Minister Justin Trudeau's policy.",What effect will the boom in population have on Canadian politics and domestic policies?,Rapid population growth in urban centers has sent rents soaring and forced many people to leave major cities to search for affordable housing elsewhere.,"Ottawa has also been running special schemes to temporarily take in people impacted by crises such as the Ukraine war, instability in Afghanistan, or the recent earthquakes in Turkey and Syria.However, Statistics Canada did sound a note of caution.As per BBC, it said the increase could ""also represent additional challenges for some regions of the country related to housing, infrastructure and transportation, and service delivery to the population"".Immigration is also viewed favourably in Canada.",no
13,"Tesla's Model Y battery design faces criticism for ""zero repairability,"" leading to higher insurance premiums and the scrapping of low-mileage EVs.","Why are electric car batteries challenging to repair, and what are the consequences of this issue?","The batteries can't be removed or replaced easily, thus people scrap the parts and there is the rise of insurance premiums.","While some automakers like Ford Motor Co and General Motors Co said they have made battery packs easier to repair, Tesla Inc has taken the opposite tack with its Texas-built Model Y, whose new structural battery pack has been described by experts as having ""zero repairability.""Tesla did not respond to a request for comment.A Reuters search of EV salvage sales in the U.S. and Europe shows a large portion of low-mileage Teslas, but also models from Nissan Motor Co, Hyundai Motor Co, Stellantis, BM",yes
14,Peter Obi of the Labour Party challenges Bola Tinubu's victory in Nigeria's presidential election through a court petition alleging electoral irregularities.,"What possible outcomes could arise from Peter Obi's challenge to the presidential election outcome, especially with Bayo Onanuga's continued inciting comments?","Possible outcomes that could arise from Peter Obi's challenge to the presidential election outcome include nullification of the result of the February 25, presidential election and the cancellation of the election with a fresh election to be conducted where Tinubu, his vice president-elect and APC would not participate.","Mr. Obi are seeking reliefs in the alternative; either that he be declared as the winner having scored majority of lawful votes cast, or that the entire election be nullified.He said, ""an order cancelling the election and compelling the 1st respondent (INEC) to conduct a fresh election at which the 2nd Respondent (Tinubu), 3rd respondent (Shettima) and 4th respondent (APC) shall not participate.""In their petition marked CA/PEPT/01/2023, the Action Alliance (AA) and its candidate, Solomon David O",yes
15,Miami Beach imposes curfew after two fatal shootings during chaotic spring break festivities.,How can the local authorities effectively balance the needs of business owners and public safety?,"Under the curfew, people must leave businesses before midnight, although hotels can operate later only in service to their guests. The city release said restaurants can stay open only for delivery and the curfew won't apply to residents, people going to and from work, emergency services, and hotel guests.","Miami Beach police reported at least 322 arrests on a variety of charges between Feb. 27 and Sunday. Gelber said more than 70 firearms were confiscated in that time. This has been happening despite police officers working up to 14-hour shifts six days a week, according to a city emergency declaration.The latest shooting happened at around 3:30 a.m. Sunday on Ocean Drive in South Beach, police said. A male was shot and died later at a hospital, and officers chased down a suspect on foot, police s",no
16,Chaos in White House Press Briefing as Reporter Simon Ateba Shouts at Press Secretary Karine Jean-Pierre During Ted Lasso's Jason Sudeikis' Mental Health Discussion.,How did the other reporters in the room react to Simon Ateba's interruption?,"""You are impinging on everybody in here who is only trying to do their job,"" another reporter said.","'And you know, when it happens to Jim Acosta of CNN, because they respect him. He's white. He works for CNN. I'm black. I'm African. I don't have money. They look down on me. I don't have the opportunities that they have and they don't treat me the same way - I need to do my job.He said the White House was 'stonewalling me'.Jason Sudeikis, who plays Coach Lasso, managed to get in a statement about mental healthAteba earlier accused the Biden administration of being a dictatorship, silencing diss",no
17,"Israel's Knesset Repeals Disengagement Law, Allowing Settlers Back into Northern West Bank Amid U.S. and International Criticism.","What are the potential consequences of expanding Israeli settlement activity in the occupied West Bank, and how could it affect the region's stability?","The potential consequences of expanding Israeli settlement activity in the occupied West Bank is that it will lead to the establishment of more illegal outposts, anti-Zionist law, and increase the violent, bloody friction between Israelis and Palestinians according to Labour Party Knesset member Gilad Kariv.","The United States, along with allies Egypt and Jordan, are keen to keep the atmosphere calm as large numbers of Jewish and Muslim faithful pour into Jerusalem's Old City, the emotional heart of the conflict. Two years earlier, tensions during Ramadan led to an 11-day war between Israel and Hamas in Gaza.President Joe Biden expressed his concern to Netanyahu during a phone call Sunday about the new government's plan to roll back the judiciary's insulation from the political system. Following the ",yes
18,Russia Becomes China's Largest Oil Supplier as Xi Jinping and Vladimir Putin Strengthen Energy Ties Amid Sanctions.,Will China continue to be a major market for Russia's energy exports in the future?,Putin unveiled a Far East development plan that highlights the importance of exporting Russian gas to China.,"The General Administration of Customs said on Monday that Saudi Arabia had been China's largest oil supplier between 2019 and 2022. Last year, China imported 87.49 million tons of crude oil from Saudi Arabia and 86.25 million tons from Russia. However, China's oil imports from the Middle Eastern country fell 4.7% to 13.92 million tons while the average import price grew about 4% in January-February from a year ago.On March 15, Putin unveiled a Far East development plan that highlights the import",yes
19,"Queensland Museum scientists discover endangered giant trapdoor spider species, Euoplos dignitas, in central Queensland.",How do the characteristics of this new species compare to the physical and behavioural traits of its cousins?,"They have venom apparatus in the fangs, but none of the Australian trapdoor spiders in the group are known to be dangerously venomous.","Scientists with the Queensland Museum Network have discovered an endangered species of trapdoor spiders living on the northeastern coast of Australia. The super-sized spider has been named Euoplos dignitas and is much larger than other species of trapdoor spiders, which usually grow to no more than 1.5 inches.""The females, which are the larger trapdoor spiders of the two sexes, they're almost five centimeters (1.9 inches) in body length,"" arachnologist Michael Rix told ABC.Rix said that while th",no
20,Knight-Swift Transportation to Acquire U.S. Xpress for $808 Million in Major Trucking Deal.,What are the main benefits of the acquisition deal for Knight-Swift Transportation Holdings Inc.?,"The main benefits of the acquisition deal for Knight-Swift Transportation Holdings Inc. include ""to add one of the largest and most well-known brands in our industry, with significant opportunity to improve earnings, gain customers and reach more professional drivers"" and applying the same playbook that proved successful in the Knight-Swift merger as they share best practices, improve operations and work together to help U.S. Xpress become the best that it can be.","Knight-Swift operates one of the largest asset-based truckload fleets in North America while delivering leading profitability. The truckload business generates most of the capital Knight-Swift deploys for growth, diversification, and returning capital to shareholders, such as the $1.5 billion invested in acquisitions in the less-than-truckload sector and $733 million spent on share buybacks and dividends over the past three years. For perspective, in 2013, the year before the acquisition of Barr",yes
21,Israeli government advances controversial judicial reforms amid massive protests and international backlash against Prime Minister Benjamin Netanyahu.,How might Israel's international reputation be impacted by the proposed judicial reforms?,"High-tech leaders, Nobel-winning economists and prominent security officials have spoken out against it, military reservists have threatened to stop reporting for duty and even some of Israel's closest allies, including the U.S., have urged Netanyahu to slow down.","Proposed judicial reforms in Israel that would dramatically shift the balance of power in the Israeli government have triggered mass protests, condemnation from wide swaths of Israeli society, and expressions of concern from American Jewish organizations. President Biden, too, has weighed in, stressing the importance - in both the United States and Israel - of an independent judiciary, and the need to reach ""consensus"" on ""fundamental changes"" in governance.Over the last ten weeks, hundreds of t",no
22,"Eli Lilly, Novo Nordisk, and Sanofi to significantly reduce insulin prices, capping costs at $35 amid government pressure and rising diabetes treatment expenses.",What is Novo Nordisk's rationale for reducing the insulin prices,"Insulin manufacturers are responding to two strong economic forces, says Gerard Anderson, a health policy expert at the Johns Hopkins University Bloomberg School Public Health.","A Patient Assistance Program, which offers free diabetes medication to individuals in need and meet certain eligibility criteria. Co-Pay Savings Cards, which allows eligible patients with commercial insurance plans to have co-pays between $25 and $35. Immediate Supply, which is a 1-time free 30-day supply of insulin, up to 3 vials or 2 packs of pens, eligible to patients at risk of rationing. My$99Insulin, which allows eligible patients to spend $99 on a 30-day supply of a combination of insulin",no
23,Experience Regina CEO Tim Reid apologizes for controversial slogans in tourism rebranding criticized as misogynistic.,What was the rebranding campaign of Experience Regina?,"The rebranding campaign of Experience Regina involved two new slogans: ""Show us your Regina"" and ""The city that rhymes with fun"".","In a separate tweet, Reid assured Regina residents and prospective tourists that they will be ""more stringent in evaluating all aspects of [their] brand to ensure it aligns with the standards of the community.""Kristin McLeod, a former board member of Tourism Regina, felt the campaign disrespected the city's residents and subsequently wrote a letter to the mayor, according to CBC News.""It's sexualizing the city when it isn't necessary,"" McLeod said.CBC News added that Regina Mayor Sandra Masters ",no
24,"ICC issues arrest warrant for Putin as Russia launches drone strikes on Ukraine, intensifying conflict.","What is the current state of the conflict between Ukraine and Russia, and how are other countries responding to it?",Tokyo has continually voiced support for Ukraine and joined rounds of sanctions against Russia.,"""There are schools that teach on the FPV,"" she said. ""We can also teach how to fly FPV drones. But there is no need for that. We focus on what our military needs most at the moment.""Mostly, Free Air uses DJI Matrix models 200, 300, and 30, Armand said. With or without thermal imagers.The Free Air school works with a range of commercial off the shelf drones. (Free Air school.The drones used by the school are provided by co-founders and volunteers, she said.""They get damaged, broken, and lost just",yes
25,"Queensland Museum scientists discover endangered giant trapdoor spider species, Euoplos dignitas, in central Queensland.",What are the implications of habitat loss due to land clearing for this newly discovered giant spider species?,"The newly discovered giant spider species, Euoplos dignitas, is likely endangered because it has only been seen in a few locations and has lost much of its habitat to land clearing.","Researchers say the spider, which can live up to 20 years in the wild, has lost much of its habitat to land clearing, likely making it an endangered species.It is known to exist in very few locations around the rural towns of Eidsvold and Monto.Read more:More than 220 animal and plant species discovered in Greater MekongNew species of owl discovered off the west coast of AfricaAccording to Dr Rix, female spiders of the new species spend their lives underground, while male spiders, described as b",yes
26,Chaos in White House Press Briefing as Reporter Simon Ateba Shouts at Press Secretary Karine Jean-Pierre During Ted Lasso's Jason Sudeikis' Mental Health Discussion.,How did the other reporters in the room react to Simon Ateba's interruption?,"""After others in the room called for ""decorum"" he stopped protesting, after which Ms Jean-Pierre asked if he was going to ""behave"".""","The journalist -- Simon Ateba, the White House correspondent for Today News Africa -- immediately began shouting at White House Press Secretary Karine Jean-Pierre as the cast of the TV commedy show Ted Lasso stood silently behind her during a press corps appearance. The actors were at the White House to promote mental health.As soon as Atemba began shouting Ms Jean-Pierre tried to shut him down, repeating ""we're not doing this"" over his comments.He complained that ""this [is] not China, this [is]",yes
27,AI Advancements Surge with ChatGPT and GPT-4 from OpenAI Amidst Widespread Job Concerns and Tech Layoffs.,"In what fields will AI have the biggest impact, and why?","AI in the fields of writing, art, slide presentations, cleaning up grammar, and beautifying excel sheets could increase productivity and reduce menial tasks.","Writing about her research in the Harvard Business Review, Porath explains that stress, negative emotions, weak social ties and a lack of self-awareness can all play a role -- but so does technology, which can exacerbate those other problems. When was the last time you signed off Twitter feeling lighter and happier? When your boss interrupts your one-on-one to check his phone, does it build your trust? Perhaps customers have become so accustomed to dealing with self-checkout kiosks, some have fo",no
28,"FAA Hosts Safety Summit Amid Surge of Near Misses in U.S. Aviation, Involving United Airlines, American Airlines, and Southwest Airlines.",What are the additional actions that the aviation community needs to take to maintain our safety record?,"Aviation interests must identify ""a very concrete diagnosis and specific action steps"" to reduce the number of near collisions.","Buttigieg said aviation interests must identify ""a very concrete diagnosis and specific action steps"" to reduce the number of near collisions.""It would be one thing if we found a certain piece of technology in the cockpit or a certain control tower where there were a lot of issues,"" Buttigieg told CNN. ""But instead what we're finding is that pilots, ground crews and controllers alike seem to be experiencing this uptick. Some have described it as a kind of rust.""""We're not going to wait for somet",no
29,Nike Reports 14% Revenue Growth to $12.4 Billion Despite Declining Net Income and Challenges in China.,What challenges did Nike face in the Greater China region and how did it affect the company's revenue?,"Nike faced challenges in the Greater China region and saw a 1 per cent increase on a currency-neutral basis, despite experiencing a challenging December due to the shift in COVID-19 policies.","""We are confident looking ahead with strong traffic and retail sales growth and reduced inventory buys for the spring and summer seasons, we are increasingly confident that we will exit the year with healthy inventories across the marketplace,"" said Friend. ""In fact, given our brand momentum, we now intend to move through even more units by year-end than we had previously considered.""In the third quarter, revenues for Nike, Inc. increased 14 percent to $12.4 billion, easily topping Wall Street's",yes
30,"Finland's NATO membership bid moves forward as Turkey prepares to ratify, leaving Sweden's application in limbo.",What are the political and economic implications of the current situation for Sweden and Turkey?,"Even while Sweden's ratification is pending, its ""defense and political integration into the Alliance is ongoing,"" Anna tells us, ""and interestingly enough, Turkey is not blocking it.""","Chris says the delay Sweden is facing in joining NATO ""means very little for practical purposes. Should a crisis erupt in the Baltic Sea region, Sweden could operate seamlessly alongside NATO allies .""says the delay Sweden is facing in joining NATO ""means very little for practical purposes. ."" Even while Sweden's ratification is pending, its ""defense and political integration into the Alliance is ongoing,"" Anna tells us, ""and interestingly enough, Turkey is not blocking it."" Plus, allies such as",no
31,"Somalia Faces Severe Drought Crisis with 43,000 Estimated Deaths in 2022, Warns WHO and UNICEF.",How do humanitarian workers alleviate the suffering by the drought on the affected areas?,The Somali minister of health Ali Hadji Adam Abubakar has urged all partners and donors to continue to support the health sector in building a resilient health system that works for everyone and not for the few.,"Somalia was hit by a famine in 2011 which killed 260,000 people, more than half of them children under six, partly because the international community did not act fast enough, according to the UN.Story continuesIn 2017, more than six million people in the country, more than half of them children, needed aid because of a prolonged drought across East Africa.But early humanitarian action averted famine that year.The conflict-wracked nation is considered one of the most vulnerable to climate change",no
32,Protests in Kenya led by opposition leader Raila Odinga demand President William Ruto's resignation amid rising living costs and allegations of electoral fraud.,What are the economic conditions that led to the protests?,"""Kenyans are suffering from spiraling prices for fuel, electricity, and staple foods, as well as a slump in the value of the shilling against the US dollar and a record drought that has left millions hungry.""","Kenyans are suffering from surging prices for basic necessities, as well as a sharp drop in the local shilling against the US dollar and a record drought that has left millions hungry.We need your consent to load this rte-player contentWe use rte-player to manage extra content that can set cookies on your device and collect data about your activity. Please review their details and accept them to load the content.Manage Preferences""We came here peacefully but they tear gassed us,"" said Charles Od",yes
33,House Republicans Demand Testimony from Manhattan DA Alvin Bragg Amid Looming Indictment of Former President Trump for Hush Money Payment to Stormy Daniels.,How have the New York prosecutions against Trump affected his base,Republican activists and voters in Montgomery County were carefully weighing the stakes Monday ahead of a potential indictment and arrest of former President Donald Trump.,"This is a carousel. Use Next and Previous buttons to navigateRepublican activists and voters in Montgomery County were carefully weighing the stakes Monday ahead of a potential indictment and arrest of former President Donald Trump on allegations he paid hush-money to a former porn star to keep their romantic affair secret.In a social media post Saturday, Trump said that he expects to be arrested as early as Tuesday as the Manhattan District Attorney's Office eyes charges in a case examining the",yes
34,"Massive fish kill in Australia's Darling River near Menindee attributed to heatwave and low oxygen levels, affecting millions of species including Bony Herring.",How is the media coverage of the event affecting public perceptions of climate change and environmental issues?,"The media coverage is explaining that while floodwaters increased the bacteria in the river which broke down dead wood, causing oxygen to be sucked out of the water, the long-term cause of the river's decline is not just climate change but irrigation, and over-extraction of water.","Short term pressure, long term painI was a member of the expert panel investigating the 2018-2019 Menindee fish kills. Everyone agreed the fish ran out of oxygen. It was a very dry period, and a cool front arriving after a heat wave mixed deep low-oxygen river water with the thin top layer which had oxygen.But our panel also examined the long-term changes to the river. We found the long-term cause for the river's decline was simple: too much water was being diverted upstream.It wasn't just clima",no
35,Miami Beach imposes curfew after two fatal shootings during chaotic spring break festivities.,What is the current state of crime in Miami Beach?,"Miami Beach finds itself struggling with spring break violence, including two fatal shootings and unruly crowds, despite a massive police presence and activities designed to give people alternatives to drinking alcohol and roaming the streets.","For the third year in a row, Miami Beach finds itself struggling with spring break violence, including two fatal shootings and unruly crowds, despite a massive police presence and activities designed to give people alternatives to drinking alcohol and roaming the streets.The city imposed an overnight curfew that ended Monday morning but decided not to enact a second curfew next weekend, when the Ultra Music Festival will draw thousands of people to South Beach. It's the third weekend of spring b",yes
36,"U.S. State Department's 2022 Human Rights Report highlights significant abuses in India, Pakistan, Israel, and China under Secretary Antony Blinken.","What challenges and opportunities lie ahead for advancing human rights efforts worldwide, and how can the US respond to these developments?","One opportunity for advancing human rights efforts worldwide is to increase attention to reporting of threats and violence against human rights defenders, particularly those advocating for the environment and land as well as Indigenous peoples' rights.","Torture and Other Cruel, Inhuman, or Degrading Treatment or Punishment, and Other Related Abuses: Covers ""torture,"" defined in the Convention against Torture, Article 1, as ""any act by which severe pain or suffering, whether physical or mental, is intentionally inflicted on a person for such purposes as obtaining from him or a third person information or a confession, punishing him for an act he or a third person has committed or is suspected of having committed, or intimidating or coercing him ",no
37,"UK to supply Ukraine with depleted uranium ammunition, prompting warnings of escalation from Russia.",How will the UK's decision impact the ongoing conflict in Ukraine?,Putin's comments came after the British Defense Ministry said it would be providing Ukraine with ammunition for the Challenger 2 battle tanks that London pledged to Kyiv - which includes armor piercing rounds that contain depleted uranium.,"""It's worth making sure everyone understands that just because the word uranium is in the title of depleted uranium munitions, they are not nuclear munitions, they are purely conventional munitions.""Britain has used depleted uranium in its armour piercing shells for decades and does not consider those rounds as having a nuclear capability. Russia is known to also use ammunition containing depleted ammunition.It is a particular health risk around impact sites, where dust can get into people's lun",yes
38,"Uganda's Parliament passes an extreme anti-homosexuality bill proposing the death penalty, prompting international condemnation from the UN and the US.",What impact will the new law have on the LGBTQ community in Uganda?,The U.N. AIDS agency warns that the legislation 'threatens public health' because it would hurt efforts to fight HIV.,"Washington has ""grave concerns"" about the bill, White House press secretary Karine Jean-Pierre said Wednesday, adding that it would hamper tourism and economic investment in Uganda.U.S. National Security Council spokesman John Kirby said if the law were enacted Washington would ""have to take a look"" at imposing economic sanctions on Uganda. He noted that this would be ""really unfortunate"" since most U.S. aid is in the form of health assistance, especially AIDS-related assistance.The U.N. AIDS ag",yes
39,Nike Reports 14% Revenue Growth to $12.4 Billion Despite Declining Net Income and Challenges in China.,"How did Nike's revenue and net income change in North America, Europe, the Middle East, Africa, the Asia Pacific, Latin America and Greater China?","As Nike looks to generate more sales in China while the region recovers from the COVID pandemic, last quarter's figures were not promising. In the fiscal third quarter, the company's sales fell 8% to $1.99 billion USD in the region.","Konik said that Jefferies' own data suggested that holiday-season interest in sneakers was still strong, despite inflation. And he said trends in China were getting better, as that nation's economy reopens.Foot Locker Inc. FL, +7.07% on Monday said that it had ""revitalized"" its relationship with Nike -- to focus on data-sharing and sneaker culture -- after Nike began focusing on selling products online and through its own retail stores. And after weaker sales of Nike products in the past, Foot L",no
40,"Israel's Knesset Repeals Disengagement Law, Allowing Settlers Back into Northern West Bank Amid U.S. and International Criticism.","What law did the Knesset repeal in the West Bank's North Samaria, and what impact does it have on the Israeli-Palestinian conflict?",The repeal of the law allows Jews to live in northern Samaria.,"Israeli Prime Minister Benjamin Netanyahu hailed on Wednesday the Knesset's partial repeal of the ""discriminatory and humiliating"" 2005 Disengagement Law that expelled Jews from their ""historical homeland.""The Israeli parliament on Tuesday voted to repeal articles of the law banning Israelis from entering and residing in parts of northern Samaria. The disengagement also led to the destruction and evacuation of 21 communities in the Gaza Strip.""The Knesset decision to repeal parts of the Disengag",no
41,"Researchers Find Human Microbes on Mount Everest, Raising Concerns About Environmental Impact and Future Space Exploration.","What was surprising about the results of the study, particularly in relation to bacteria and fungi?","The researchers were able to cultivate bacteria and fungi that had been transported to Everest by wind or humans from other, less extreme environments.","So how does human DNA get left behind on a place like Everest?Of course, we humans shed microbes wherever we go. But the researchers said it was ""surprising"" that microbes that've evolved to thrive in the warm and wet environments of our bodies can also survive - in a dormant state - in the harsh conditions of the death zone on Everest. Schmidt said:There is a human signature frozen in the microbiome of Everest, even at that elevation.Taking samples from the South ColIn light of the extreme envi",yes
42,"U.S. State Department's 2022 Human Rights Report highlights significant abuses in India, Pakistan, Israel, and China under Secretary Antony Blinken.","What human rights abuses were detailed in the annual report, and which countries committed them?","The annual report detailed several human rights abuses in Pakistan, including ""unlawful or arbitrary killings, including extrajudicial killings by the government or its agents; forced disappearances by the government or its agents; torture and cases of cruel, inhuman, and degrading treatment or punishment by the government or its agents.""","The report also mentions that a lack of accountability for official misconduct persisted at all levels of government in India, contributing to widespread impunity. Among the significant human rights violations in India in 2022, as per the State Department, are unlawful and arbitrary killings, inhuman or degrading treatment or punishment by police and prison officials, and harsh and life-threatening prison conditions.It also flagged alleged arbitrary arrest and detention, unlawful interference wi",no
43,"NVIDIA unveils new AI GPUs H100 NVL and L4 for generative AI deployment, partnering with Google Cloud to enhance AI capabilities.",How might Nvidia's new offerings reshape the landscape of AI hardware?,"The new platforms will contain specialized software with an NVIDIA GPU optimized for specific generative AI inference workloads. They are optimized for some in-demand workloads, including AI video, image generation, large language model deployment, and recommender inference.","Seyhan Lee, a leading AI production studio, uses generative AI to develop immersive experiences and captivating creative content for the film, broadcast and entertainment industries.""The L40 GPU delivers an incredible boost in performance for our generative AI applications,"" said Pinar Demirdag, co-founder of Seyhan Lee. ""With the inferencing capability and memory size of the L40, we can deploy state-of-the-art models and deliver innovative services to our customers with incredible speed and acc",no
44,"Bob Metcalfe awarded 2022 Turing Award for inventing Ethernet, the foundational networking technology for the internet.",What impact did Bob Metcalfe's invention and entrepreneurship have on the computing industry?,"Bob Metcalfe's invention of Ethernet has had a significant impact on the computing industry, becoming the ""main conduit of wired network communications worldwide,"" with emerging technologies that have data rates of up to 1.6 Tbps.","Wired Ethernet began at Xerox PARC with data transfer speeds of 2.94 megabits per second. Now it's reached 800 gigabits per second -- about 272,000 times faster. Another doubling is in the works, to 1.6 terabits per second.Wired Ethernet ports have faded from laptops and never arrived on phones. But the technology was adapted to the Wi-Fi standards, bringing new convenience and ubiquity to the internet. (Metcalfe prefers Wi-Fi's original name, Wireless Ethernet.)Token Ring grudgeToday, it's near",yes
45,"Saudi Arabia and Iran agree to restore diplomatic ties in a China-brokered deal, signaling a shift in Middle Eastern geopolitics.",Will the U.S.-Saudi relationship reach a detente?,"The agreement brings potential for addressing conflicts diplomatically, rather than through conflict, and reduces the chance of regional war.","Even if the agreement, brokered by China after years of negotiations mediated by Iraq, holds, the competition for regional dominance between the two major oil exporters, who also are each seen as leaders, or at least prominent hubs, of different denominations of Islam, will still be there. Some territorial disputes will remain, as will regional conflicts in places like Yemen, Syria, and Lebanon where the two countries often back opposing forces.AdvertisementNonetheless, the agreement brings sign",yes
46,"Astronomers warn that increasing light pollution from satellite mega-constellations, especially by SpaceX, threatens astronomical observations and cultural connections to the night sky.",What international treaties and goals can be set to restrict levels of light pollution?,"""Astronomers are pushing back, calling for caps on night lighting from both below and above.""","PLAVCHAN: With the launch of the increasing proliferation of satellites in low Earth orbit, which reflect a lot of sunlight down to us, we can't escape it.HUANG: Astronomers are pushing back, calling for caps on night lighting from both below and above.Pien Huang, NPR News. Transcript provided by NPR, Copyright NPR.",yes
47,"Japanese Hayabusa2 mission discovers uracil and niacin in asteroid Ryugu samples, suggesting building blocks of life may have originated in space.",How does the discovery affect the understanding of the origin of life?,"The researchers want to know how common these molecules are in asteroids, and a comparative study of the composition of asteroids Ryugu and Bennu which both contain biologically important molecules will provide further data to build on current theories about the origins of life.","""It is no doubt that biologically important molecules such as amino acids and nucleobase(s) in asteroids/meteorites have been provided to the Earth,"" Oba said. ""In particular, we expect they might play a role for prebiotic evolution on the early Earth.""It's also possible that as space rocks smashed into other planets in our solar system, they might have been carrying some of the same building blocks of life.""I cannot say the presence of such ingredients directly leads to the emergence/presence o",yes
48,"Canada's inflation rate drops to 5.2% in February, as the Bank of Canada pauses interest rate hikes amidst high grocery prices.",What were the signs of stickiness in consumer prices in February 2022,Canadians paid 5.2 percent more for goods and services in February than a year earlier.,"Inflation for goods in Canada is cooling but prices for food remain high, Statistics Canada's latest report shows.The Consumer Price Index (CPI) for February was at 5.2 per cent year-over-year, a decrease from January's 5.9 per cent year-over-year increase.""This was the largest deceleration in the headline CPI since April 2020,"" the StatCan report reads.Energy reflected the cooling as prices fell 0.6 per cent year-over-year. Gasoline prices are leading the drop, StatCan says, with a 4.7 per cent",no
49,"Ford, GM, BMW, and Volkswagen Join Tesla in Aggressive Price Cuts to Boost EV Sales Amidst China's Market Slump.",How will China's EV market respond to increased competition?,"""As the supply/demand environment continues to change, we would prepare for potentially lower margins (at gross and OP) than consensus currently forecasts for Tesla.""","Although a more affordable option is on the way, Tesla will work with what it has for now, and in order to make its already industry-leading vehicles reach even higher sales figures, it can just cut prices.But this comes with a consequence for investors, Adam Jonas, the Morgan Stanley analyst responsible for covering Tesla, said in the note:""As the supply/demand environment continues to change, we would prepare for potentially lower margins (at gross and OP) than consensus currently forecasts fo",yes
50,U.S. Commerce Department Implements Restrictions on Semiconductor Funding to Prevent Expansion in China Amid National Security Concerns.,How will the new restrictions change the dynamics of the semiconductor industry's economic landscape,"The new restrictions prohibit recipients of US government funding operating in China from spending more than US$100,000 to expand their chip facilities there, or boosting such facilities' production capacity by more than 5%, and they also are forbidden to expand any existing facility's production capacity by more than 10% unless at least 85% of its output is incorporated into final products that are consumed locally.","Through these measures, we can complete the domestic supply chain that the CHIPS and Science Act endeavors to secure. If we focus only on the front end and do not include support for back-end packaging activities, it leaves open a critical gap and enables our international competitors to beat us in developing these advanced technology industries.",yes
51,"ICC issues arrest warrant for Putin as Russia launches drone strikes on Ukraine, intensifying conflict.",How does the use of drones fit into the larger geopolitical tensions and power struggles between countries in the 21st century?,"The discovery that the drone contained various electronic parts developed by Taiwanese companies highlights the risk of dual-use products being supplied to Russia, which has increased due to Western sanctions.",". On 13 March 2023, Russian Duma deputies introduced a bill to change the age bracket for conscription to men aged 21-30 years, from the current 18-27. The law is likely to be passed and would come into force in January 2024. Russia has continued to run conscription call-up cycles twice a year since Soviet times . They are distinct from the exceptional partial mobilisation of veterans carried out since September 2022. Russia continues to officially bar conscripts from operations in Ukraine, thou",yes
52,International Criminal Court Issues Arrest Warrant for Vladimir Putin Over Alleged War Crimes Involving Ukrainian Children.,What is Russia's justification for abducting Ukrainian children and does it hold water?,"Russia denies committing any atrocities since it invaded Ukraine, rejects the ICC's move as null and void, and says the court's decisions have no meaning for their country including from a legal point of view.","The ICC said it sees reasonable grounds to believe that Putin bears individual responsibility for the crimes either by committing them directly, jointly with others and/or through others.It also said he failed to exercise proper control over civilian and military subordinates who committed the acts or allowed for their commission and who were under his effective authority and control.The arrest warrant obliges member states to arrest Putin or Lvova-Belova if they were to travel to their country.",yes
53,"Twenty Years After the Iraq War, Critics Reassess George W. Bush's Justifications and the Ongoing Impact of the Invasion.",What were the effects of the Iraq War on US foreign policy and relations with other countries?,"The Iraq War damaged the US economy and led to costly foreign policy decisions, including the Global War on Terrorism, which cost an estimated $1.6 trillion and accounted for half of the total casualties since 9/11.","Twenty years ago, a U.S.-led coalition invaded Iraq with the stated aims of disarming Saddam Hussein's weapons of mass destruction, stopping his support for Al-Qaeda, and liberating the Iraqi people. The war turned out to be an epochal failure, as this magazine warned, Cassandra-like, at the time. So naturally, the warmaker-in-chief, George W. Bush, now basks in the media glow of a ""responsible"" wise man, while the antiwar Donald Trump is facing a criminal indictment.Let us briefly recount the c",yes
54,Poland's Prime Minister Mateusz Morawiecki warns that Ukraine's defeat against Russia would signify a broader defeat for the West and calls for a Europe rooted in nation-states.,How does the Prime Minister's warning relate to the challenges facing Europe and what implications could this have for the future of the continent?,"Morawiecki argued that Europe has to prove its strength that comes from the diversity of its nations and nothing can safeguard the nations, their culture, their social, economic, political and military security better than nation states.","(c) Ukrainska PravdaPoland's Ambassador to France Jan Emeryk Rosciszewski said in an interview that a situation could arise in which Poland would have to enter the war. The embassy urged audiences to refrain from sensationalising his words.Source: Rosciszewski in an interview with LCI, a French TV channel; Rzeczpospolita, a Polish media outlet, citing Poland's Embassy in FranceQuote from Rosciszewski: ""It is not NATO, Poland or Slovakia that are mounting ever more pressure, but Russia, which has",no
55,Meta Platforms (META) stock sees mixed analyst ratings and a recent upgrade to Overweight amid ongoing challenges and a focus on efficiency.,"What do analysts think about Meta Platforms' future prospects, and what are their predictions?","Meta Platforms Inc (NASDAQ: META) has been subject to 47 price forecasts by analysts over the next 12 months, with a median target of 225.00.","Meta Platforms (NASDAQ:META - Get Rating) last released its quarterly earnings results on Wednesday, February 1st. The social networking company reported $3.00 earnings per share for the quarter, topping the consensus estimate of $2.12 by $0.88. Meta Platforms had a net margin of 19.90% and a return on equity of 21.23%. The firm had revenue of $32.17 billion during the quarter, compared to the consensus estimate of $31.69 billion. During the same quarter in the prior year, the firm earned $3.67 ",no
56,"Tesla's Model Y battery design faces criticism for ""zero repairability,"" leading to higher insurance premiums and the scrapping of low-mileage EVs.",Will automakers make their batteries more repairable and allow third parties access to their EV battery data?,"Many carmakers have argued their battery packs are repairable but many car repair shops, insurers, and leasing companies are not aware of the data, spurring some legal fights.","To make matters worse, most automakers don't want to allow insurers or repair companies access to the diagnostics software, which dooms many batteries that could have been repaired.Indeed, typical battery packs are constructed of a specific number of cells placed next to each other inside of a metal enclosure.With the proper equipment, technicians can gauge the status of each individual cell and replace only those that have been affected in case of an accident, which dramatically reduces repair ",yes
57,"NASA's James Webb Space Telescope detects dynamic silicate clouds and multiple molecules on the exoplanet VHS 1256 b, 40 light-years away.",How did the discovery of VHS 1256 b come about and what challenges did the research team face during their study?,The fact that VHS 1256 b is located about four times farther from its stars than Pluto is from our Sun made it easier for the telescope to detect the planet's atmosphere since the planet's light was not mixed with light from the stars.,"The telescope also detected water, methane and carbon monoxide as well as of evidence of carbon dioxide on the planetIllustration: NASA, ESA, CSA, Joseph Olmsted (STScI) Clouds as seen by Webb telescopeNASA's James Webb space telescope uncovered ""swirling clouds"" on a distant planet, indicating a significant scientific finding.According to NASA, the cloud features are ""so dramatic that it is the most variable planetary-mass object known to date.""Researchers explain that the distant planet's ""atm",no
58,"Saudi Arabia and Iran agree to restore diplomatic ties in a China-brokered deal, signaling a shift in Middle Eastern geopolitics.",How might the deal brokered by China and the United States impact U.S.-China competition in the Middle East?,"Taleblu argued that ultimately this agreement is a ""sign of the times"" and shows that U.S. partners in the Middle East are increasingly stepping back from Washington's influence.","Recognising the nature of the current global order is important because it has consequences for how countries behave and how international politics works. A common error in Indian foreign policy rhetoric, but not exclusively an Indian mistake, is that the current order is multipolar. Sometimes, this belief morphs into an ""aspiration"", as Indian foreign minister S. Jaishankar put it some time back.This is doubly dangerous because letting desires drive foreign policy is both a refusal to look at r",yes
59,North Koreans resent Kim Jong Un's daughter Kim Ju Ae for her lavish lifestyle amid the country's severe food shortages.,Could Kim Ju Ae be used as a bargaining chip by the North Korean regime in international negotiations?,The article states that Kim Ju Ae has appeared in suspected propaganda videos during North Korea's ongoing food shortage.,"Kim Jong-un's young daughter is resented across North Korea for appearing ""plump like the moon"" while the nation's ""common people"" starve, RadarOnline.com has learned.Jong-un's daughter, nine-year-old Kim Ju Ae, has recently made a series of rare appearances in suspected propaganda videos broadcasted by North Korea amid the nation's ongoing food shortage.",yes
60,"Amazon and Meta announce a combined 48,000 layoffs as both companies shift focus to cost-cutting in response to economic pressures.","Which other tech company has announced layoffs recently, and how do Amazon's layoffs compare in size and scope to theirs?",Amazon's layoffs compare in size and scope to Facebook and Google layoffs in recent times.,"The news also arrives just a week after another tech giant, Facebook parent Meta, announced that an additional 10,000 workers are to be laid off at its company.Meta's own announcement marked its second round of layoffs in four months, after cutting around 13% of its global workforce in November.The previous reduction in staff totaled 11,000 layoffs, which means that across the two rounds of layoffs, Meta is letting some 22,000 employees go.Amazon's latest announcement brings its own layoff tally",no
61,"Mass protests erupt in France against President Emmanuel Macron's controversial pension reform raising the retirement age from 62 to 64, bypassing parliamentary vote.",What are the possible long-term effects of the pension reform bill on the French economy and society?,"The possible long-term effects of the pension reform bill on the French economy are that ""oil shipments in the country were partially disrupted amid strikes at several refineries in western and southern France"" and ""French government spokesperson Olivier Veran warned that more orders may follow in the coming days for other sites.""","""We are coming to the end of the democratic process of this essential reform for our country,"" Prime Minister Elisabeth Borne said. ""It is with humility and seriousness that I took my responsibility and that of my government.""Opponents say this shows Macron's decision to bypass a parliamentary vote on the pension bill -- which triggered the no- confidence motions - has already undermined his reformist agenda and weakened his leadership.All eyes now turn to the president who is due to speak to th",yes
62,"Silicon Valley Bank collapses due to ignored Federal Reserve warnings on risk management, triggering fears of a banking crisis across the tech sector.",Could SVB's fate have been avoided with better management and oversight?,"Yes, ""California's top financial regulator will scrutinize the oversight and regulation it applied to Silicon Valley Bank, whose sudden failure on March 10 ignited a wider crisis.""","Customers lined up outside Silicon Valley Bank headquarters in Santa Clara, California, on March 13, three days after the bank was shut down by California regulators and taken over by the Federal Deposit Insurance Corp. David Paul Morris/BloombergCalifornia's top financial regulator will scrutinize the oversight and regulation it applied to Silicon Valley Bank, whose sudden failure on March 10 ignited a wider crisis.The Department of Financial Protection and Innovation said Monday that it is con",yes
63,"Damning report by Baroness Louise Casey reveals the Metropolitan Police's ""institutional racism, misogyny, and homophobia,"" calling for urgent reforms or potential disbandment.",What did the independent review into the Metropolitan Police Service conclude?,"The Met was described as a ""demoralising place to work"" which ""beats you down"".","Cold comfort from Rishi: In his BBC Breakfast interview, Sunak doesn't exactly come riding to his predecessor-but-one's rescue. Asked about his decision to grant a free vote on any penalty recommended by the committee, the PM says: ""That's generally the rule of thumb with these things. These are matters for individuals rather than for government."" Asked if he agreed with friends of Johnson that the committee's investigation was a ""witch hunt,"" he said: ""That's ultimately something for Boris John",no
64,"Cyclone Freddy devastates Malawi and Mozambique, killing hundreds and worsening cholera outbreaks amid humanitarian crisis.",How can governments and international organizations work together to provide long-term support and assistance to the affected communities?,"In Zambia, the Catholic Church in the Copperbelt Province is already mobilizing financial and material resources to support the victims.","""Expressing our sincere thanks in advance for all that you can do for the victims of cyclone Freddy, we implore God's abundant blessings for all,"" the clerics said.In Malawi, the Bishops urged ""all Catholics, and people of good will, to stand with the victims of this devastating cyclone and immediately begin to donate whatever they can, in money and in kind, to help the victims who have been affected and are suffering from the effects of the cyclone.""The clerics in their March 14 statement said ",yes
65,"U.S. State Department's 2022 Human Rights Report highlights significant abuses in India, Pakistan, Israel, and China under Secretary Antony Blinken.","What human rights abuses were detailed in the annual report, and which countries committed them?","The annual report detailed Israel's respect for civil liberties, restrictions on Palestinians, investigations of security forces for abuses, arbitrary or unlawful killings committed by the government or its agents, patients with mental disabilities' greater risk of being subjected to violence when interacting with police, utilizing isolation to punish or silence politically prominent Palestinian detainees, and Israel's posture toward human rights NGOs.","However, it goes on to say that NGOs and Palestinian journalists ""reported Israeli authorities restricted press coverage and placed limits on certain forms of expression, particularly for Palestinians,"" which include ""restricting Palestinian journalists' movement as well as using violence, arrests, closure of media outlets, and intimidation, according to media reports and the Palestinian Center for Development and Media Freedoms.""'The report flags Israel's posture toward human rights NGOs, who c",yes
66,"U.S. State Department's 2022 Human Rights Report highlights significant abuses in India, Pakistan, Israel, and China under Secretary Antony Blinken.","What human rights abuses were detailed in the annual report, and which countries committed them?","The report covers abuses committed by multiple countries and territories worldwide, but does not describe or assess the human rights implications of actions taken by the U.S. government or its representatives. However, specific abuses reported in the 2022 report include increased attention to threats and violence against human rights defenders, particularly those advocating for the environment and Indigenous peoples' rights. Additionally, there is an expanded subsection on politically motivated reprisal against individuals located outside the country, new and expanded information on abuses against LGBTQ+ individuals and greater information on the use of technology to arbitrarily or unlawfully surveil individuals.","In 2022 there is increased attention to reporting of threats and violence against human rights defenders, particularly those exercising their civil and political rights to advocate for the environment and land as well as Indigenous peoples' rights. Additionally, in section 1.e. of this year's reports, as has been the case since the 2019 reports, there is an expanded subsection on politically motivated reprisal against individuals located outside the country (otherwise known as ""transnational rep",yes
67,"Astronomers warn that increasing light pollution from satellite mega-constellations, especially by SpaceX, threatens astronomical observations and cultural connections to the night sky.",What international treaties and goals can be set to restrict levels of light pollution?,"""Astronomers are pushing back, calling for caps on night lighting from both below and above.""","PLAVCHAN: With the launch of the increasing proliferation of satellites in low Earth orbit, which reflect a lot of sunlight down to us, we can't escape it.HUANG: Astronomers are pushing back, calling for caps on night lighting from both below and above.Pien Huang, NPR News. Transcript provided by NPR, Copyright NPR.",yes
68,"Several Western countries, including the US, UK, and New Zealand, have imposed or are considering bans on TikTok due to national security concerns involving its Chinese parent company, ByteDance.",How does the banning of TikTok relate to broader cybersecurity concerns?,Divestment by ByteDance may not solve the American national security concerns over TikTok and may set a precedent for the US government to safeguard personal information of US citizens in the future.,"A ban on TikTok could open the door for other companies, such as Meta's Instagram, to fill the video-sharing void. In October, Twitter CEO Elon Musk said he was thinking about bringing back Vine, the short-form video app that was discontinued in 2019.Will divestment make TikTok more secure?TikTok has been in negotiations with CFIUS about national security requirements for more than two years. Chew, TikTok's CEO, told the Wall Street Journal on Thursday that a sale of the company won't solve the ",no
69,U.S. Commerce Department Implements Restrictions on Semiconductor Funding to Prevent Expansion in China Amid National Security Concerns.,What are the advantages and disadvantages of implementing restrictions on semiconductor companies operating in China,"""Advantages of implementing restrictions on semiconductor companies operating in China include ensuring that ""malign actors do not have access to the cutting-edge technology that can be used against America and our allies,"" increasing national security, and strengthening global supply chains.""","The U.S. also classified a list of semiconductors as critical to national security, making them subject to stricter controls than other legacy chips. Those include compound semiconductors -- an area of focus for the Chinese government in past years -- chips designed for quantum information systems, specialized military capabilities and in radiation-intensive environments.Want more news? Listen to today's daily briefing above or go here for more infoFederal grant recipients will also be prohibite",no
70,Peter Obi of the Labour Party challenges Bola Tinubu's victory in Nigeria's presidential election through a court petition alleging electoral irregularities.,"What possible outcomes could arise from Peter Obi's challenge to the presidential election outcome, especially with Bayo Onanuga's continued inciting comments?","Peter Obi's move to challenge the outcome of the 2023 presidential election, according to Bayo Onanuga could be viewed in the same way that the 1993 election of MKO Abiola was invalidated by IBB.","Bayo Onanuga, a media aide to president-elect, Bola Tinubu, has accused Peter Obi, presidential candidate of the Labour Party, LP, of trying to treat his principal like retired military dictator, Ibrahim Badamosi Babangida (IBB) did to MKO Abiola, whose presidential election victory got annulled 30 years ago.Onanuga claimed that Obi's move to challenge the 2023 presidential election results is similar to how the 1993 election of MKO Abiola was invalidated by IBB.He tweeted on Tuesday evening: ""P",no
71,"Astronomers warn that increasing light pollution from satellite mega-constellations, especially by SpaceX, threatens astronomical observations and cultural connections to the night sky.",What international treaties and goals can be set to restrict levels of light pollution?,Governments around the world should and can tackle light pollution in the same ways they address climate change: with international treaties and goals to restrict levels of other pollutants.,"The authors urged astronomers, companies, politicians, and lawmakers around the world to work together to reach a global agreement to limit artificial light. Light pollution should be treated in the same way that other types of pollutants, like greenhouse gases, they argued. Governments around the world should and can tackle light pollution in the same ways they address climate change: with international treaties and goals to restrict levels of other pollutants.Another issue astronomers face is ",no
72,"Damning report by Baroness Louise Casey reveals the Metropolitan Police's ""institutional racism, misogyny, and homophobia,"" calling for urgent reforms or potential disbandment.",What did the independent review into the Metropolitan Police Service conclude?,"The independent review into the Metropolitan Police Service concluded that it is institutionally racist, sexist and homophobic, has lost the trust and confidence of the people it is supposed to keep safe, and that policing by consent in the capital is ""broken"".","London's police force has lost the confidence of the people it serves because it is riven with institutional racism, misogyny and homophobia and doesn't do enough to weed out bad officers, according to a withering report commissioned after a young woma...LONDON -- London's police force has lost the confidence of the people it serves because it is riven with institutional racism, misogyny and homophobia and doesn't do enough to weed out bad officers, according to a withering report commissioned a",yes
73,Russia escalates missile and drone strikes on Ukraine as diplomatic efforts for peace falter amid visits from leaders like Xi Jinping and Kishida.,What could be the consequences of the drone and missile attacks on the lives of people?,Russian aggression towards Ukraine has caused widespread damage and threatens the lives of ordinary citizens.,"Rescuers work at the site of a building heavily damaged by Russian drone strikes in the town of Rzhyshchiv, in Kyiv region, Ukraine.Alina Yarysh/ReutersRussia blasted an apartment block in Ukraine with missiles on Wednesday after launching a swarm of drones at cities overnight, a deadly display of force following a solidarity visit by China's leader Xi Jinping.Ukraine's President Volodymyr Zelensky tweeted security camera video of a residential apartment block in the southern city of Zaporizhzhi",no
74,North Koreans resent Kim Jong Un's daughter Kim Ju Ae for her lavish lifestyle amid the country's severe food shortages.,How does the regime's propaganda align with the actual living conditions of North Korean citizens?,"The appearance of Kim Jong Un's daughter with her father, who is testing intercontinental ballistic missiles, is arousing anger among North Koreans who cannot even eat properly.","""For all we know this is just [Kim] doting on a favourite child, but the more that she shows up, the more it seems that she's either being fully groomed for leadership or at least floated as a possibility,"" Mason Richey, a professor at Hankuk University of Foreign Studies in Seoul, told Reuters.The girl has not been named in state media since she was first shown attending a missile launch with her dad last year, but South Korean intelligence officials believe she is the daughter identified as Ju",no
75,"Somalia Faces Severe Drought Crisis with 43,000 Estimated Deaths in 2022, Warns WHO and UNICEF.",How can Somalia build resilience against future droughts and climate change?,"The UN report commissioned by the London School of Hygiene and Tropical Medicine and Imperial College London suggests that Somalia can build resilience against future droughts and climate change by sustaining and scaling up ""health and nutrition actions and humanitarian response to save lives and protect the health of our vulnerable"".","""We continue to be concerned about the level and scale of the public health impact of this deepening and protracted food crisis in Somalia,"" said Somalia's Health Minister, Dr Ali Hadji Adam Abubakar.""At the same time, we are optimistic that if we can sustain our ongoing and scaled-up health and nutrition actions and humanitarian response to save lives and protect the health of our vulnerable, we can push back the risk of famine forever, else those vulnerable and marginalized will pay the price ",no
76,"Israel's Knesset Repeals Disengagement Law, Allowing Settlers Back into Northern West Bank Amid U.S. and International Criticism.","What other measures has Israel taken to ease tensions ahead of the sensitive period that includes the Muslim holy month of Ramadan and the Jewish festival of Passover, and will they be successful in reducing violence?",Israel has taken measures to ease tensions ahead of the sensitive period that includes the Muslim holy month of Ramadan and the Jewish festival of Passover by providing security forces with extra reinforcement to close off flashpoint areas and to streamline intelligence sharing with Palestinian security forces.,"The repealing of the disengagement law in the northern West Bank was met with fierce criticism from the international community, including from Israel's closest ally, the United States.On Tuesday Israel's ambassador to the US was summoned to the State Department for an unscheduled meeting in a rare move by the Biden administration aimed at escalating its protest against the Knesset's passage of the law, a US official told The Times of Israel.A readout issued by the US after Ambassador Mike Herzo",no
77,"U.S. State Department's 2022 Human Rights Report highlights significant abuses in India, Pakistan, Israel, and China under Secretary Antony Blinken.","What challenges and opportunities lie ahead for advancing human rights efforts worldwide, and how can the US respond to these developments?","The US can respond to these developments by providing guidance to US diplomatic missions annually for submission of updated reports on human rights practices, which can be comprehensive, objective, and uniform in scope.","Persons with Disabilities: Covers discrimination against persons with physical, mental, or intellectual disabilities in, among other things, access to public buildings, employment, education, housing, health care, and the provision of other government services.",yes
78,Ukraine prepares for a critical spring counteroffensive against Russia as heavy fighting in Bakhmut drains resources and troops.,Can lack of weapons and manpower affect Ukraine's chances for victory?,"Yes, lack of manpower could affect Ukraine's chances for victory because ""the first option is unrealistic, officials say, because Ukraine lacks the manpower to mount this kind of successful amphibious operation.""","Ukraine has lost many of its junior officers who received U.S. training over the past nine years, the Ukrainian official said. Now, the official said, those forces must be replaced - ""a lot of them are killed.""US Defense Secretary Lloyd Austin remains laser-focused on ensuring that Ukraine is receiving the training it needs for the current fight. The United States is ""working around-the-clock"" to fulfill Ukraine's security needs, in addition to investing billions of dollars to produce and procur",no
79,"Saudi Arabia and Iran agree to restore diplomatic ties in a China-brokered deal, signaling a shift in Middle Eastern geopolitics.",How might the deal brokered by China and the United States impact U.S.-China competition in the Middle East?,Officials are pushing back against the notion that the developments amount to a shift in the dynamics of the U.S.-China competition in the Middle East.,"But privately White House officials are skeptical about China's ability, and desire, to play a role in resolving some of the region's most difficult crises, including the long, disastrous proxy war in Yemen.ADVERTISEMENTIran-allied Houthis seized Yemen's capital, Sanaa, in 2014 and forced the internationally recognized government into exile in Saudi Arabia. A Saudi-led coalition armed with U.S. weaponry and intelligence entered the war on the side of Yemen's exiled government in 2015.Years of in",yes
80,"Thailand's Prime Minister Prayuth Chan-o-cha dissolves parliament, paving the way for a May election amid a power struggle against the opposition Pheu Thai party led by Paetongtarn Shinawatra.",What will be the main issues affecting voters in the upcoming election?,"Other issues that may affect voters include the desire for a new constitution and a reduction in the power of the monarchy, and the challenge of voting for a political party with no ideological differences.","He also faced strong opposition from the Pheu Thai party which seeks to end a decade of military rule. The party is represented by Paetongtarn Shinawatra, daughter of former prime minister Thaksin Shinawatra who was overthrown in a coup in 2006. Over the last two decades, Thaksin-affiliated parties have won the most seats in every Thai election.A poll conducted last December found that the Pheu Thai party received 49.75 per cent support among 2,000 people surveyed.Winning election might come dow",no
81,"Israel's Knesset Repeals Disengagement Law, Allowing Settlers Back into Northern West Bank Amid U.S. and International Criticism.","What is the role of the current Israeli government in promoting settlement expansion, and how does it compare to previous administrations?","""Israel sought on Wednesday to calm international concern over its amending of a law that had ordered the 2005 evacuation of settlers from an area of the occupied West Bank, saying it had no intention of building new settlements there.""","Israeli Prime Minister Benjamin Netanyahu hailed on Wednesday the Knesset's partial repeal of the ""discriminatory and humiliating"" 2005 Disengagement Law that expelled Jews from their ""historical homeland.""The Israeli parliament on Tuesday voted to repeal articles of the law banning Israelis from entering and residing in parts of northern Samaria. The disengagement also led to the destruction and evacuation of 21 communities in the Gaza Strip.""The Knesset decision to repeal parts of the Disengag",yes
82,"Astronomers warn that increasing light pollution from satellite mega-constellations, especially by SpaceX, threatens astronomical observations and cultural connections to the night sky.",What is the future outlook for light pollution and its impact on humanity?,Astronomers worry that great discoveries are more difficult to make since it's harder for them to see into space.,"So research has shown that the night sky has been getting steadily brighter by about 10% a year for the past 10 years. I wonder, from your perspective, what does that mean?PLAVCHAN: For as long as human civilization has existed, we've made up stories to describe what we see in the night sky, right? The origins of the myths and the naming of the constellations that we have in the night sky - the night sky has been something that we've always been curious about. So in terms of light pollution and ",no
83,"Spain's parliament rejects Vox party's no-confidence motion against Prime Minister Pedro Sanchez, led by independent candidate Ramon Tamames.",How does Vox party's ideology impact their political stance on migration and feminism?,"""Denial of problems like the climate crisis, a machismo attitude on advances in women's rights and xenophobia vis-a-vis immigrants were some of the criticisms leveled by Sanchez at those proposing a 'sterile' motion""","The speech that professor Tamames gave before the vote of no confidence highlighted the degree to which VOX's program overlaps with the post-Franco consensus generalis of Spanish politics, and, therefore the degree to which the socialist party (PSOE) and its coalition allies (including separatists happy to align themselves with ETA terrorists) have abandoned this consensus. Tamames has described the current government as setting up an absorptive autocracy, whose creeping violation of judicial in",no
84,"Dodge Unveils the Challenger SRT Demon 170, Boasting 1,025 HP and Setting New Standards for Muscle Cars Before Ending V8 Production.",What are the key features and technologies that distinguish the SRT Demon 170 from its predecessors?,"The car has a new 3.0-liter supercharger, which draws air through a throttle body big enough to inhale your fist, and the fuel injectors can flow up to 164 gallons per hour.","The V8 draws inspiration from the one used in the original Demon and ""shares DNA"" with the Hellephant C170 crate engine. As a result, a number of components are upgraded and this includes a 3.0-liter supercharger, which delivers nearly 40 percent more boost pressure (21.3 vs 15.3 psi) than the Challenger SRT Hellcat Redeye Widebody.The supercharger pulley has also been upgraded, while the fuel rails and injectors are capable of delivering 164 gallons (621 liters) of goodness every hour. Dodge no",yes
85,"Genesis Launches Electrified GV70 SUV, Expanding Electric Vehicle Offerings Across 15 U.S. States Amid Plans for an All-Electric Lineup by 2030.",What is Genesis' strategy with the Electrified GV70?,"Genesis plans to phase out gasoline-powered models entirely by 2030 and beyond that year, every new model introduced will be an EV, with no fossil-fuel option.","If you really need your two-row luxury SUV to be even sportier, there's of course a Sport mode, but we don't recommend it. As per usual, it sharpens accelerator response, makes the steering a little heavier, and firms up the electronically controlled dampers. Thing is, you don't need any of that. The car's already quick, making the steering heavier doesn't make it better, and making the suspension firmer just hurts the ride quality. The electric GV70 is so good out of the box, it doesn't need a ",no
86,Serbia and Kosovo Reach Verbal Agreement on EU-Brokered Plan to Normalize Relations Amid Ongoing Tensions.,What impact might the ongoing tensions between Kosovo and Serbia have on the region?,"The proposed creation of an association of semi-autonomous Serb-majority municipalities that Kurti has opposed, is a criticism rejected by Western mediators which could potentially partition the country along ethnic lines.","While stressing the need for the implementation annex to be implemented, Escobar also noted that Kosovo is expected to fulfill ""any remaining unfulfilled commitments"" from the Brussels agreement. According to the Deputy Assistant Secretary, the US ""is intent on making this normalization plan work.""Esobar clarified that the agreement signed by Serbia and Kosovo is a legally binding obligation that both parties have agreed to uphold. ""The messaging around the signing is really focused on something",no
87,"Fox News faces a $1.6 billion defamation lawsuit from Dominion Voting Systems, as producer Abby Grossberg alleges coercion for misleading testimony while exposing a toxic workplace environment.","What are the potential outcomes of the lawsuit, and what are the implications of these outcomes?","Fox News argued that ""so long as the press makes clear that the allegations are just allegations, it is free to offer its opinion that the allegations are 'credible' and merit investigation (as some Fox News hosts and other networks did), just as it is free to offer its opinion that the allegations are implausible (as other Fox News hosts and other networks did).""","Late in the afternoon on the day of the attack on the U.S. Capitol, with the halls only recently cleared of rioters, Trump called into Dobbs' program and wanted to go on the air. Fox News executives said no -- their starkest action yet indicating how recklessly they believed Trump was behaving.Petterson, president of Fox Business, home to Dobbs' show, explained why in her deposition.I didn't think it would be responsible to have him go on the air. And what he intended to do was tell his side of ",no
88,"IRS Considers Taxing NFTs as Collectibles, Solicits Public Feedback on Guidelines",What would be the implications of NFTs being taxed as collectibles,"If NFTs are taxed as collectibles, they would not have as advantageous capital-gains tax treatment as other capital assets.","The United States Internal Revenue Service said it plans to release guidance on having nonfungible tokens, or NFTs, treated as collectibles under the U.S. tax code.In a March 21 notice, the IRS called for feedback from the U.S. public on how NFTs could be taxed as collectibles. According to the government body, collectibles under U.S. tax law ""do not have as advantageous capital-gains tax treatment as other capital assets,"" seemingly referring to how crypto assets are currently taxed in the coun",yes
89,"Genesis Launches Electrified GV70 SUV, Expanding Electric Vehicle Offerings Across 15 U.S. States Amid Plans for an All-Electric Lineup by 2030.",What is the pricing for the Electrified GV70 and how does it compare to other models in its class?,"The 2023 Electrified GV70 is priced from $65,850.","The aptly named Electrified GV70 is simple in concept: it's a fully electrified GV70, rather than a standalone line concurrent to its internal combustion twin. Genesis is betting that the base product line is strong enough as is, giving customers the choice of powertrain rather than having to get to know an entirely different model for the sake of going electric. It's not hard to see why; the GV70 (which is available now and starts at $65,850 plus destination and handling) has been widely lauded",no
90,"Astronomers warn that increasing light pollution from satellite mega-constellations, especially by SpaceX, threatens astronomical observations and cultural connections to the night sky.",What international treaties and goals can be set to restrict levels of light pollution?,"The authors suggested that the US Federal Communications Commission or the Federal Aviation Administration could start assessing the impact and level of glare reflected from satellite constellations, for example.","SpaceX, for example, has reportedly launched nearly 4,000 broadband-beaming birds and plans to send tens of thousands more. The authors suggested that the US Federal Communications Commission or the Federal Aviation Administration could start assessing the impact and level of glare reflected from satellite constellations, for example. Similar restrictions could be placed on other satellite vendors in the US, UK, and China too.The paper also calls for a limit on how dark the sky should be. Aerosp",yes
91,"Major U.S. banks, including JPMorgan Chase and Bank of America, deposit $30 billion into struggling First Republic Bank amid fears of systemic risk in the banking sector following multiple bank failures.",How are investors responding to the news about First Republic Bank?,"Investors are responding negatively to the news about First Republic Bank, with its stock declining by 47% on March 20 due to talks of a new rescue plan and a downgrade in its credit rating.","NYSE: FRC) surged in premarket trading, bouncing off an all-time low reached the previous session, bolstered by a proposal by JPMorgan (JPM) to steady the troubled bank. Shares jumped 15% before the opening bell, recovering a portion of the 47% drop recorded the previous day.Meta Platforms (META) advanced more than 3% in premarket action after Morgan Stanley raised its rating on the Facebook parent to Overweight from Equal-Weight. Analyst Brian Nowak attributed the upgrade to improved efficiency",yes
92,Escalating Gang Violence in Haiti Triggers International Calls for Intervention and Urgent Support from U.S. and Canada.,What is the current situation in Haiti?,"Haitian officials have sought international boots on the ground, and the foreign affairs minister has called for the deployment of a specialized foreign force to address the urgent matter of armed gangs roaming the country unfettered.","In the first two weeks of March alone, clashes among gangs left at least 208 killed, 164 injured and 101 kidnapped. Most of the victims were killed or injured by snipers who were reportedly randomly shooting at people in their homes or on the streets. Sexual violence is also used by gangs against women and girls to terrorize, subjugate and punish the population. Gang members frequently use sexual violence against abducted girls to pressure families to pay a ransom.Students and teachers have been",no
93,"Magnitude 6.5 earthquake in the Hindu Kush region kills at least 11 in Afghanistan and Pakistan, shaking areas as far as India.",What are the concerns of people in the affected areas most affected by the earthquakes?,"People were panicked and rushed out of their homes, as well as, came out on the streets; it was also reported that buildings were tilting in some areas and tremors were felt by residents living in high-rise apartment buildings; some areas experienced temporary disruptions in mobile services; and many people rushed out of their homes and gathered in open parks.","There was no immediate report of any loss of life or property.In east Delhi's Shakarpur, anxious people filled the congested lanes after claims by some that a building had tilted, but it turned out to be false alarm. Two fire tenders were rushed to south-east Delhi's Jamia Nagar after a call claiming that a building was leaning there, officials said, adding further information is awaited.Delhi Chief Minister Arvind Kejriwal tweeted, ""Strong tremors were felt across Delhi-NCR. Hope you all are sa",yes
94,"NVIDIA unveils new AI GPUs H100 NVL and L4 for generative AI deployment, partnering with Google Cloud to enhance AI capabilities.",How might Nvidia's new offerings reshape the landscape of AI hardware?,"NVIDIA's AI Foundations will allow businesses lacking the time and money to develop their own models from scratch to ""to build, refine and operate custom large language models and generative AI models that are trained with their own proprietary data and created for their unique domain-specific tasks.""","But perhaps more importantly than that is simply a matter of being able to quickly deploy H100 NVL in existing infrastructure. Rather than requiring installing H100 HGX carrier boards specifically built to pair up GPUs, LLM customers can just toss H100 NVLs in new server builds, or as a relatively quick upgrade to existing server builds. NVIDIA is going for a very specific market here, after all, so the normal advantage of SXM (and NVIDIA's ability to throw its collective weight around) may not ",yes
95,"Amazon and Meta announce a combined 48,000 layoffs as both companies shift focus to cost-cutting in response to economic pressures.","How has Amazon's business model evolved since its founding, and how will the current round of layoffs affect the company's future direction and strategy?","Amazon's business model has led to a significant increase in headcount over the years, but the company has chosen to be more streamlined in its costs and headcount due to the uncertain economy caused by the pandemic.","Click here for the latest trending stock tickers of the Yahoo Finance platform.Read the latest financial and business news from Yahoo Finance.Download the Yahoo Finance app for Apple or Android.Follow Yahoo Finance on Twitter, Facebook, Instagram, LinkedIn, and YouTube.",yes
96,Spanish Prime Minister Pedro Sanchez to visit China for talks with President Xi Jinping on Beijing's peace proposal for Ukraine.,What is Spain's foreign policy towards Ukraine and its stance on the conflict?,"Spain's Prime Minister, would visit China the following week, after the PM was formally invited by Chinese President Xi Jinping, with China endeavouring to etch its mark on the Ukraine-Russia war mediator that is continuing.","MADRID (AP) -- Spanish Prime Minister Pedro Sanchez has accepted an invitation from Chinese President Xi Jinping to make a state visit to Beijing as Xi tries to galvanize support for China's peace proposal for Ukraine.Sanchez plans to be in China on March 30-31, Spain's minister for the presidency, Felix Bolanos, said late Wednesday, citing Xi's ""possible mediation in the war in Ukraine"" as a key reason for the visit.Spain takes over the European Union's rotating presidency in July, and Sanchez ",no
97,"IRS Considers Taxing NFTs as Collectibles, Solicits Public Feedback on Guidelines",How will the IRS's approach to NFTs compare to its approach to other cryptocurrencies,"The Internal Revenue Service of the United States is considering whether or not to tax non-fungible tokens (NFTs) in the same manner as other collectibles such as stamps, works of art, and fine wine.","The U.S. Internal Revenue Service is considering whether to tax non-fungible tokens (NFT) on a par with other collectibles, such as stamps, works of art and fine wine, in a move likely to have an impact on those including the digital assets within their retirement plan, according to a document published Tuesday.",no
98,"Israel's Knesset Repeals Disengagement Law, Allowing Settlers Back into Northern West Bank Amid U.S. and International Criticism.","How did the Knesset vote impact the ban on Israelis entering the site of the four evacuated settlements in North Samaria, and what implications will it have on the future of the settlements' reconstruction?",The government has no intention to build new settlements in these areas.,"This is a carousel. Use Next and Previous buttons to navigateJERUSALEM (AP) -- Prime Minister Benjamin Netanyahu appeared to back down on Wednesday, saying his government has ''no intention"" of returning to four abandoned settlements in the occupied West Bank under a law that was repealed by parliament this week.His statement followed harsh U.S. criticism and an international uproar over Netanyahu's far-right government, the country's most hard-line ever, over the Knesset vote early Tuesday to r",yes
99,Escalating Gang Violence in Haiti Triggers International Calls for Intervention and Urgent Support from U.S. and Canada.,What is the current situation in Haiti?,"Extreme violence continues to spiral out of control in Haiti through clashes between gangs that are becoming more violent and more frequent, as they try to expand their territorial control throughout the capital and other regions by targeting people living in areas controlled by rivals.","We are gravely concerned that extreme violence continues to spiral out of control in Haiti.Clashes between gangs are becoming more violent and more frequent, as they try to expand their territorial control throughout the capital and other regions by targeting people living in areas controlled by rivals.Since the beginning of the year, up to 15 March, a total of 531 people were killed, 300 injured and 277 kidnapped in gang-related incidents that took place mainly in the capital, Port-au-Prince, a",yes
100,"Tesla's Model Y battery design faces criticism for ""zero repairability,"" leading to higher insurance premiums and the scrapping of low-mileage EVs.","Why are electric car batteries challenging to repair, and what are the consequences of this issue?","Tesla's Model Y battery pack has ""zero repairability"" after a collision, which means that it goes ""straight to the grinder.""","While some automakers like Ford Motor Co and General Motors Co said they have made battery packs easier to repair, Tesla Inc has taken the opposite tack with its Texas-built Model Y, whose new structural battery pack has been described by experts as having ""zero repairability.""Tesla did not respond to a request for comment.A Reuters search of EV salvage sales in the U.S. and Europe shows a large portion of low-mileage Teslas, but also models from Nissan Motor Co, Hyundai Motor Co, Stellantis, BM",yes
